trial,payload_bytes,latency_ns
1,64,366121
2,64,51237
3,64,295838
4,64,61406
5,64,259610
6,64,91052
7,64,233791
8,64,78518
9,64,236597
10,64,95551
11,64,207541
12,64,194216
13,64,64682
14,64,165052
15,64,223432
16,64,39234
17,64,269158
18,64,68539
19,64,184929
20,64,74781
21,64,249040
22,64,36298
23,64,235805
24,64,87074
25,64,265381
26,64,38823
27,64,404743
28,64,45857
29,64,240223
30,64,77346
31,64,243309
32,64,70172
33,64,209445
34,64,172024
35,64,197021
36,64,132439
37,64,149071
38,64,177305
39,64,128612
40,64,138933
41,64,185750
42,64,127150
43,64,162277
44,64,125657
45,64,147569
46,64,161986
47,64,169640
48,64,109436
49,64,190589
50,64,122581
51,64,157858
52,64,143340
53,64,97734
54,64,194567
55,64,58089
56,64,210628
57,64,109477
58,64,174569
59,64,119455
60,64,137249
61,64,137850
62,64,113835
63,64,169670
64,64,469155
65,64,160964
66,64,172335
67,64,184629
68,64,79270
69,64,329612
70,64,52980
71,64,270290
72,64,71485
73,64,242608
74,64,127120
75,64,340984
76,64,48762
77,64,352215
78,64,54393
79,64,297141
80,64,70754
81,64,271442
82,64,53942
83,64,206410
84,64,51477
85,64,287482
86,64,94859
87,64,186823
88,64,170532
89,64,91502
90,64,321998
91,64,86864
92,64,208023
93,64,51577
94,64,319914
95,64,90641
96,64,314283
97,64,255472
98,64,305287
99,64,70943
100,64,449628
1,256,268788
2,256,62257
3,256,334561
4,256,67949
5,256,384345
6,256,153771
7,256,233631
8,256,132651
9,256,260952
10,256,69672
11,256,220506
12,256,104707
13,256,190039
14,256,183637
15,256,88186
16,256,228221
17,256,71325
18,256,325535
19,256,94198
20,256,539528
21,256,147057
22,256,209265
23,256,143401
24,256,195639
25,256,142549
26,256,160573
27,256,179419
28,256,105910
29,256,249210
30,256,85411
31,256,230555
32,256,65634
33,256,243189
34,256,73399
35,256,360180
36,256,416577
37,256,193946
38,256,111441
39,256,369888
40,256,63610
41,256,325664
42,256,95240
43,256,205718
44,256,145825
45,256,119986
46,256,231226
47,256,83828
48,256,243319
49,256,115598
50,256,234913
51,256,118864
52,256,306669
53,256,83377
54,256,237669
55,256,79269
56,256,315726
57,256,275890
58,256,308733
59,256,97444
60,256,273717
61,256,108805
62,256,209535
63,256,250512
64,256,134053
65,256,458345
66,256,61156
67,256,331065
68,256,92164
69,256,263117
70,256,102975
71,256,264309
72,256,104888
73,256,290138
74,256,102734
75,256,234833
76,256,467332
77,256,242678
78,256,145264
79,256,284497
80,256,108354
81,256,248078
82,256,94809
83,256,338730
84,256,83517
85,256,401607
86,256,94859
87,256,276592
88,256,130155
89,256,203675
90,256,166645
91,256,138752
92,256,219344
93,256,210638
94,256,251334
95,256,128703
96,256,572660
97,256,121780
98,256,286601
99,256,164681
100,256,434149
1,1024,228702
2,1024,213082
3,1024,121269
4,1024,222350
5,1024,533516
6,1024,236647
7,1024,246345
8,1024,188335
9,1024,181843
10,1024,229693
11,1024,300297
12,1024,112462
13,1024,222360
14,1024,194938
15,1024,145775
16,1024,268086
17,1024,152498
18,1024,257415
19,1024,179268
20,1024,302501
21,1024,453776
22,1024,268006
23,1024,159642
24,1024,332237
25,1024,120207
26,1024,247246
27,1024,165984
28,1024,254390
29,1024,149823
30,1024,212030
31,1024,220246
32,1024,136678
33,1024,263888
34,1024,183436
35,1024,184488
36,1024,357084
37,1024,467732
38,1024,214986
39,1024,227069
40,1024,250523
41,1024,228902
42,1024,154752
43,1024,219985
44,1024,172686
45,1024,332628
46,1024,80782
47,1024,681687
48,1024,105579
49,1024,446432
50,1024,124295
51,1024,281070
52,1024,232158
53,1024,146346
54,1024,364618
55,1024,68880
56,1024,681646
57,1024,130637
58,1024,305397
59,1024,152208
60,1024,255793
61,1024,349911
62,1024,112172
63,1024,277684
64,1024,116450
65,1024,662440
66,1024,139854
67,1024,327388
68,1024,152959
69,1024,230996
70,1024,114226
71,1024,257376
72,1024,104607
73,1024,274057
74,1024,113504
75,1024,583101
76,1024,190119
77,1024,195999
78,1024,156225
79,1024,358347
80,1024,148931
81,1024,373655
82,1024,146907
83,1024,349380
84,1024,102142
85,1024,569164
86,1024,173557
87,1024,204476
88,1024,324192
89,1024,100179
90,1024,441904
91,1024,118283
92,1024,272524
93,1024,234383
94,1024,530361
95,1024,96603
96,1024,253608
97,1024,117492
98,1024,204596
99,1024,164661
100,1024,177254
1,4096,448376
2,4096,81645
3,4096,826270
4,4096,250843
5,4096,189357
6,4096,437636
7,4096,80823
8,4096,479365
9,4096,106541
10,4096,738654
11,4096,129774
12,4096,457553
13,4096,212180
14,4096,236927
15,4096,226617
16,4096,269509
17,4096,637283
18,4096,85141
19,4096,517046
20,4096,119616
21,4096,355221
22,4096,105399
23,4096,734506
24,4096,116140
25,4096,471560
26,4096,96412
27,4096,400576
28,4096,150434
29,4096,578812
30,4096,144512
31,4096,508018
32,4096,241627
33,4096,299795
34,4096,191401
35,4096,261673
36,4096,460109
37,4096,344230
38,4096,216880
39,4096,392221
40,4096,104026
41,4096,448496
42,4096,163218
43,4096,573663
44,4096,236316
45,4096,211510
46,4096,362103
47,4096,97123
48,4096,465188
49,4096,562712
50,4096,407790
51,4096,307420
52,4096,245463
53,4096,255212
54,4096,291270
55,4096,501065
56,4096,502268
57,4096,124726
58,4096,661178
59,4096,130626
60,4096,594883
61,4096,454718
62,4096,360841
63,4096,288043
64,4096,350692
65,4096,313372
66,4096,561419
67,4096,270871
68,4096,330965
69,4096,168948
70,4096,299666
71,4096,350151
72,4096,449829
73,4096,541892
74,4096,152247
75,4096,446343
76,4096,119996
77,4096,426986
78,4096,377924
79,4096,319172
80,4096,206309
81,4096,252697
82,4096,263397
83,4096,330093
84,4096,454578
85,4096,246345
86,4096,193936
87,4096,354329
88,4096,103084
89,4096,825087
90,4096,170882
91,4096,329793
92,4096,197503
93,4096,262585
94,4096,479675
95,4096,259911
96,4096,238180
97,4096,223802
98,4096,263247
99,4096,245994
100,4096,558714
